<?xml version="1.0" encoding="UTF-8"?>
<Configuration status="WARN" >



<Appenders>



<RollingFile name="File" fileName="Logs/app.log" filepattern="${logPath}/%d{YYYYMMddHHmmss}-fargo.log">
<PatternLayout pattern="%d{YYYY-MM-dd HH:mm:ss} [%t] %-5p %c{1}:%L - %msg%n" />
<Policies>
<SizeBasedTriggeringPolicy size="10 MB" />
</Policies>
<DefaultRolloverStrategy max="20" />
</RollingFile>
</Appenders>
<Loggers>
<Root level="INFO">
<appender-ref ref="File" />
</Root>
</Loggers>
</Configuration>