<?xml version="1.0" encoding="UTF-8"?>
<!DOCTYPE suite SYSTEM "https://testng.org/testng-1.0.dtd">
<suite name="Suite">
  <test thread-count="5" name="Test">
   <groups>
<run><include name="sanity"></include></run>
</groups>
		<classes>

			<class name="com.Prateek_3185055_Selenium_ExitTest.test.BaseTest" />
			<class name="com.Prateek_3185055_Selenium_ExitTest.test.AddressTest" />
			<class name="com.Prateek_3185055_Selenium_ExitTest.test.CategoriesTest" />
			<class name="com.Prateek_3185055_Selenium_ExitTest.test.CouponsTest" />
			<class name="com.Prateek_3185055_Selenium_ExitTest.test.FlipkartPlusTest" />
			<class name="com.Prateek_3185055_Selenium_ExitTest.test.GiftCardsTest" />
			<class name="com.Prateek_3185055_Selenium_ExitTest.test.LoginTest" />
			<class name="com.Prateek_3185055_Selenium_ExitTest.test.NotificationsTest" />
			<class name="com.Prateek_3185055_Selenium_ExitTest.test.OpenMyOrdersTest" />
			<class name="com.Prateek_3185055_Selenium_ExitTest.test.OpenMyProfileTest" />
			<class name="com.Prateek_3185055_Selenium_ExitTest.test.OpenMyWishlistTest" />
			<class name="com.Prateek_3185055_Selenium_ExitTest.test.SearchProductTest" />
			<class name="com.Prateek_3185055_Selenium_ExitTest.test.SuperCoinTest" />
            <class name="com.Prateek_3185055_Selenium_ExitTest.test.LogoutTest" />


		</classes>
	</test> <!-- Test -->
</suite> <!-- Suite -->
